{"inputs":[["6b00000000000000000000000000000000000000000000000000000000000000","8400000000000000000000000000000000000000000000000000000000000000","5600000000000000000000000000000000000000000000000000000000000000","5600000000000000000000000000000000000000000000000000000000000000","75ffffef93f5e1439170b97948e833285d588181b64550b829a031e1724e6430"]],"pretty_elements":{"rescaled_inputs":[["0.8359375","1.03125","0.671875","0.671875","-1.09375"]],"inputs":[["0x000000000000000000000000000000000000000000000000000000000000006b","0x0000000000000000000000000000000000000000000000000000000000000084","0x0000000000000000000000000000000000000000000000000000000000000056","0x0000000000000000000000000000000000000000000000000000000000000056","0x30644e72e131a029b85045b68181585d2833e84879b9709143e1f593efffff75"]],"processed_inputs":[],"processed_params":[],"processed_outputs":[],"rescaled_outputs":[["202.3984375"]],"outputs":[["0x0000000000000000000000000000000000000000000000000000000000006533"]]},"outputs":[["3365000000000000000000000000000000000000000000000000000000000000"]],"processed_inputs":null,"processed_params":null,"processed_outputs":null,"max_lookup_inputs":0,"min_lookup_inputs":0,"max_range_size":16383,"version":"21.0.4"}